{"cameraMode":{"drawMode":0,"name":"Shaded","section":"Shading Mode"},"sceneLighting":true,"audioPlay":false,"sceneViewState":{"m_AlwaysRefresh":false,"showFog":true,"showSkybox":true,"showFlares":true,"showImageEffects":true,"showParticleSystems":true,"showVisualEffectGraphs":true,"m_FxEnabled":true},"in2DMode":false,"pivot":{"x":-41.267093658447269,"y":50.133338928222659,"z":7.3491034507751469},"rotation":{"x":0.6647679805755615,"y":-0.058070212602615359,"z":0.05195727199316025,"w":0.7429801225662231},"size":0.1831822544336319,"orthographic":false}